firstname,middleInitial,lastname,username,email,streetaddress,city,zipcode,state,country,department,password,telephone,jobtitle,company,ou
Liam,,Armstrong,,,,Miami,,FL,USA,Marketing,WeakPassword1,,,"X Communications, Inc","CN=Users,DC=TCAEGISDC,DC=local"
Noah,,Barnes,,,,Miami,,FL,USA,Business,WeakPassword1,,,"X Communications, Inc","CN=Users,DC=TCAEGISDC,DC=local"
William,,Scott,,,,Miami,,FL,USA,Media,WeakPassword1,,,"X Communications, Inc","CN=Users,DC=TCAEGISDC,DC=local"
James,,Wells,,,,Miami,,FL,USA,Accounting,WeakPassword1,,,"X Communications, Inc","CN=Users,DC=TCAEGISDC,DC=local"
Oliver,,Johnston,,,,Miami,,FL,USA,Sales,WeakPassword1,,,"X Communications, Inc","CN=Users,DC=TCAEGISDC,DC=local"
Benjamin,,Ross,,,,Miami,,FL,USA,Technology,WeakPassword1,,,"X Communications, Inc","CN=Users,DC=TCAEGISDC,DC=local"
Elijah,,Perry,,,,Miami,,FL,USA,Security,WeakPassword1,,,"X Communications, Inc","CN=Users,DC=TCAEGISDC,DC=local"
Lucas,,Spencer,,,,Miami,,FL,USA,HumanResource,WeakPassword1,,,"X Communications, Inc","CN=Users,DC=TCAEGISDC,DC=local"
Mason,,Chapman,,,,Miami,,FL,USA,Management,WeakPassword1,,,"X Communications, Inc","CN=Users,DC=TCAEGISDC,DC=local"
Logan,,Miller,,,,Miami,,FL,USA,Finance,WeakPassword1,,,"X Communications, Inc","CN=Users,DC=TCAEGISDC,DC=local"
Alexander,,Riley,,,,Miami,,FL,USA,Service,WeakPassword1,,,"X Communications, Inc","CN=Users,DC=TCAEGISDC,DC=local"
Ethan,,Robinson,,,,Miami,,FL,USA,Delivery,WeakPassword1,,,"X Communications, Inc","CN=Users,DC=TCAEGISDC,DC=local"
Jacob,,Gibson,,,,Miami,,FL,USA,Maintenance,WeakPassword1,,,"X Communications, Inc","CN=Users,DC=TCAEGISDC,DC=local"
Michael,,Johnston,,,,Miami,,FL,USA,Business,WeakPassword1,,,"X Communications, Inc","CN=Users,DC=TCAEGISDC,DC=local"
Daniel,,Johnson,,,,Miami,,FL,USA,Technology,WeakPassword1,,,"X Communications, Inc","CN=Users,DC=TCAEGISDC,DC=local"
Henry,,Fowler,,,,Miami,,FL,USA,Marketing,WeakPassword1,,,"X Communications, Inc","CN=Users,DC=TCAEGISDC,DC=local"
Jackson,,Richardson,,,,Miami,,FL,USA,Maintenance,WeakPassword1,,,"X Communications, Inc","CN=Users,DC=TCAEGISDC,DC=local"
Sebastian,,Perkins,,,,Miami,,FL,USA,Sales,WeakPassword1,,,"X Communications, Inc","CN=Users,DC=TCAEGISDC,DC=local"
Aiden,,Baker,,,,Miami,,FL,USA,Sales,WeakPassword1,,,"X Communications, Inc","CN=Users,DC=TCAEGISDC,DC=local"
Matthew,,Farrell,,,,Miami,,FL,USA,Maintenance,WeakPassword1,,,"X Communications, Inc","CN=Users,DC=TCAEGISDC,DC=local"
Samuel,,Anderson,,,,Miami,,FL,USA,Business,WeakPassword1,,,"X Communications, Inc","CN=Users,DC=TCAEGISDC,DC=local"
David,,Jones,,,,Miami,,FL,USA,Marketing,WeakPassword1,,,"X Communications, Inc","CN=Users,DC=TCAEGISDC,DC=local"
Joseph,,West,,,,Miami,,FL,USA,Delivery,WeakPassword1,,,"X Communications, Inc","CN=Users,DC=TCAEGISDC,DC=local"
Carter,,Murray,,,,Miami,,FL,USA,Business,WeakPassword1,,,"X Communications, Inc","CN=Users,DC=TCAEGISDC,DC=local"
Owen,,Roberts,,,,Miami,,FL,USA,Media,WeakPassword1,,,"X Communications, Inc","CN=Users,DC=TCAEGISDC,DC=local"
Wyatt,,Farrell,,,,Miami,,FL,USA,Technology,WeakPassword1,,,"X Communications, Inc","CN=Users,DC=TCAEGISDC,DC=local"
John,,Evans,,,,Miami,,FL,USA,HumanResource,WeakPassword1,,,"X Communications, Inc","CN=Users,DC=TCAEGISDC,DC=local"
Jack,,Smith,,,,Miami,,FL,USA,Marketing,WeakPassword1,,,"X Communications, Inc","CN=Users,DC=TCAEGISDC,DC=local"
Luke,,Howard,,,,Miami,,FL,USA,HumanResource,WeakPassword1,,,"X Communications, Inc","CN=Users,DC=TCAEGISDC,DC=local"
Jayden,,Howard,,,,Miami,,FL,USA,Maintenance,WeakPassword1,,,"X Communications, Inc","CN=Users,DC=TCAEGISDC,DC=local"
Dylan,,Higgins,,,,Miami,,FL,USA,Accounting,WeakPassword1,,,"X Communications, Inc","CN=Users,DC=TCAEGISDC,DC=local"
Grayson,,Rogers,,,,Miami,,FL,USA,Maintenance,WeakPassword1,,,"X Communications, Inc","CN=Users,DC=TCAEGISDC,DC=local"
Levi,,Allen,,,,Miami,,FL,USA,Marketing,WeakPassword1,,,"X Communications, Inc","CN=Users,DC=TCAEGISDC,DC=local"
Isaac,,Harrison,,,,Miami,,FL,USA,Technology,WeakPassword1,,,"X Communications, Inc","CN=Users,DC=TCAEGISDC,DC=local"
Gabriel,,Turner,,,,Miami,,FL,USA,Marketing,WeakPassword1,,,"X Communications, Inc","CN=Users,DC=TCAEGISDC,DC=local"
Julian,,Bailey,,,,Miami,,FL,USA,Technology,WeakPassword1,,,"X Communications, Inc","CN=Users,DC=TCAEGISDC,DC=local"
Mateo,,Gray,,,,Miami,,FL,USA,Technology,WeakPassword1,,,"X Communications, Inc","CN=Users,DC=TCAEGISDC,DC=local"
Anthony,,Henderson,,,,Miami,,FL,USA,Business,WeakPassword1,,,"X Communications, Inc","CN=Users,DC=TCAEGISDC,DC=local"
Jaxon,,Foster,,,,Miami,,FL,USA,Technology,WeakPassword1,,,"X Communications, Inc","CN=Users,DC=TCAEGISDC,DC=local"
Ashley,,Wright,,,,Boston,,MA,USA,Management,WeakPassword1,,,"X Communications, Inc","CN=Users,DC=TCAEGISDC,DC=local"
Rachael,,Foster,,,,Boston,,MA,USA,Technology,WeakPassword1,,,"X Communications, Inc","CN=Users,DC=TCAEGISDC,DC=local"
Kaitlin,,Cooper,,,,Boston,,MA,USA,Business,WeakPassword1,,,"X Communications, Inc","CN=Users,DC=TCAEGISDC,DC=local"
Brianna,,Higgins,,,,Boston,,MA,USA,Management,WeakPassword1,,,"X Communications, Inc","CN=Users,DC=TCAEGISDC,DC=local"
Eleanor,,Robinson,,,,Boston,,MA,USA,Technology,WeakPassword1,,,"X Communications, Inc","CN=Users,DC=TCAEGISDC,DC=local"
Julia,,Elliott,,,,Boston,,MA,USA,Technology,WeakPassword1,,,"X Communications, Inc","CN=Users,DC=TCAEGISDC,DC=local"
Ava,,Mitchell,,,,Boston,,MA,USA,Marketing,WeakPassword1,,,"X Communications, Inc","CN=Users,DC=TCAEGISDC,DC=local"
Sofia,,Williams,,,,Boston,,MA,USA,Marketing,WeakPassword1,,,"X Communications, Inc","CN=Users,DC=TCAEGISDC,DC=local"
Emma,,Grant,,,,Boston,,MA,USA,Technology,WeakPassword1,,,"X Communications, Inc","CN=Users,DC=TCAEGISDC,DC=local"
Aria,,Allen,,,,Boston,,MA,USA,Maintenance,WeakPassword1,,,"X Communications, Inc","CN=Users,DC=TCAEGISDC,DC=local"
Amelia,,Martin,,,,Boston,,MA,USA,Business,WeakPassword1,,,"X Communications, Inc","CN=Users,DC=TCAEGISDC,DC=local"
Charlotte,,Howard,,,,Boston,,MA,USA,Technology,WeakPassword1,,,"X Communications, Inc","CN=Users,DC=TCAEGISDC,DC=local"
Olivia,,Andrews,,,,Boston,,MA,USA,Marketing,WeakPassword1,,,"X Communications, Inc","CN=Users,DC=TCAEGISDC,DC=local"
Mia,,Ferguson,,,,Boston,,MA,USA,Management,WeakPassword1,,,"X Communications, Inc","CN=Users,DC=TCAEGISDC,DC=local"
Evelyn,,Robinson,,,,Boston,,MA,USA,Accounting,WeakPassword1,,,"X Communications, Inc","CN=Users,DC=TCAEGISDC,DC=local"
Harper,,Davis,,,,Boston,,MA,USA,Technology,WeakPassword1,,,"X Communications, Inc","CN=Users,DC=TCAEGISDC,DC=local"
Freya,,Harper,,,,Boston,,MA,USA,Marketing,WeakPassword1,,,"X Communications, Inc","CN=Users,DC=TCAEGISDC,DC=local"
Kylee,,Nelson,,,,Boston,,MA,USA,Finance,WeakPassword1,,,"X Communications, Inc","CN=Users,DC=TCAEGISDC,DC=local"
Payton,,Clark,,,,Boston,,MA,USA,Marketing,WeakPassword1,,,"X Communications, Inc","CN=Users,DC=TCAEGISDC,DC=local"
Anna,,Fowler,,,,Boston,,MA,USA,HumanResource,WeakPassword1,,,"X Communications, Inc","CN=Users,DC=TCAEGISDC,DC=local"
Everly,,Stevens,,,,Boston,,MA,USA,Sales,WeakPassword1,,,"X Communications, Inc","CN=Users,DC=TCAEGISDC,DC=local"
Paislee,,Ryan,,,,Boston,,MA,USA,Sales,WeakPassword1,,,"X Communications, Inc","CN=Users,DC=TCAEGISDC,DC=local"
Adaline,,Gray,,,,Boston,,MA,USA,Accounting,WeakPassword1,,,"X Communications, Inc","CN=Users,DC=TCAEGISDC,DC=local"
Coraline,,Foster,,,,Boston,,MA,USA,Business,WeakPassword1,,,"X Communications, Inc","CN=Users,DC=TCAEGISDC,DC=local"
Lily,,Grant,,,,Boston,,MA,USA,Technology,WeakPassword1,,,"X Communications, Inc","CN=Users,DC=TCAEGISDC,DC=local"
Emily,,Harrison,,,,Boston,,MA,USA,Media,WeakPassword1,,,"X Communications, Inc","CN=Users,DC=TCAEGISDC,DC=local"
Isabella,,Moore,,,,Boston,,MA,USA,Security,WeakPassword1,,,"X Communications, Inc","CN=Users,DC=TCAEGISDC,DC=local"
Grace,,Douglas,,,,Boston,,MA,USA,Management,WeakPassword1,,,"X Communications, Inc","CN=Users,DC=TCAEGISDC,DC=local"
Jessica,,Edwards,,,,Boston,,MA,USA,Management,WeakPassword1,,,"X Communications, Inc","CN=Users,DC=TCAEGISDC,DC=local"
Daisy,,Harper,,,,Boston,,MA,USA,Marketing,WeakPassword1,,,"X Communications, Inc","CN=Users,DC=TCAEGISDC,DC=local"
Alice,,Roberts,,,,Boston,,MA,USA,HumanResource,WeakPassword1,,,"X Communications, Inc","CN=Users,DC=TCAEGISDC,DC=local"
Sophie,,Walker,,,,Boston,,MA,USA,Sales,WeakPassword1,,,"X Communications, Inc","CN=Users,DC=TCAEGISDC,DC=local"
Ruby,,Johnston,,,,Boston,,MA,USA,Sales,WeakPassword1,,,"X Communications, Inc","CN=Users,DC=TCAEGISDC,DC=local"
Willow,,Moore,,,,Boston,,MA,USA,Sales,WeakPassword1,,,"X Communications, Inc","CN=Users,DC=TCAEGISDC,DC=local"
Phoebe,,Harper,,,,Boston,,MA,USA,Business,WeakPassword1,,,"X Communications, Inc","CN=Users,DC=TCAEGISDC,DC=local"
Scarlett,,Hamilton,,,,Boston,,MA,USA,Technology,WeakPassword1,,,"X Communications, Inc","CN=Users,DC=TCAEGISDC,DC=local"
Chloe,,Hall,,,,Boston,,MA,USA,Delivery,WeakPassword1,,,"X Communications, Inc","CN=Users,DC=TCAEGISDC,DC=local"
Millie,,Russell,,,,Boston,,MA,USA,Media,WeakPassword1,,,"X Communications, Inc","CN=Users,DC=TCAEGISDC,DC=local"
Hannah,,Reed,,,,Boston,,MA,USA,Business,WeakPassword1,,,"X Communications, Inc","CN=Users,DC=TCAEGISDC,DC=local"
Bella,,Harrison,,,,Boston,,MA,USA,Technology,WeakPassword1,,,"X Communications, Inc","CN=Users,DC=TCAEGISDC,DC=local"
